,latitude,longitude,town,cluster,sub_cluster
581,55.51118,-1.705801,Chathill,-1,0
582,55.51128,-1.705701,Chathill,-1,0
730,54.591627,-1.01794,Redcar and Cleveland,-1,0
910,51.571359,-2.498436,Alveston,-1,0
933,51.44985,0.03238,Eltham,-1,0
938,51.02292,-0.45286,Billingshurst,-1,0
956,54.943122,-1.471095,Boldon Colliery,-1,0
972,55.186146,-1.516851,Newbiggin-by-the-Sea,-1,0
976,55.581262,-1.654252,Seahouses,-1,0
1000,53.297381,-2.977038,Hooton,-1,0
1011,53.083959,-1.571127,wirksworth,-1,0
1018,54.950218,-1.450006,Boldon,-1,0
1038,54.946606,-1.440561,East Boldon,-1,0
1042,54.986812,-1.429263,South Shields ,-1,0
1044,55.23177,-2.176804,Otterburn,-1,0
1051,51.82262,-0.82654,Aylesbury Vale,-1,0
1052,51.820621,-0.82654,Aylesbury Vale,-1,0
1055,52.752815,0.399387,Clough Lane,-1,0
1056,52.752808,0.399263,Clough Lane,-1,0
1066,50.887409,0.31832,Herstmonceux,-1,0
1067,51.022919,-0.45286, Billingshurst,-1,0
1082,52.516411,-0.72504,Rockingham,-1,0
1088,51.668209,-2.63051,Forest of Dean,-1,0
1091,51.8755,-2.2685,Over,-1,0
1104,51.990749,-1.70075,Cotswold,-1,0
1111,54.943119,-1.47109,Boldon Colliery,-1,0
1112,54.944851,-1.36446,Whitburn,-1,0
1136,53.451618,-2.63689,Earlestown,-1,0
1139,51.46962,-2.659059,Abbots Leigh,-1,0
1141,53.40926,-3.0171,Seacombe,-1,0
1142,53.409161,-3.0171,Seacombe,-1,0
1154,52.646339,-2.47237,Lightmoor Village,-1,0
1157,52.420929,-1.43903,Walsgrave Hospital,-1,0
1158,52.4231,-1.43646,Walsgrave Hospital,-1,0
1165,50.443901,-4.47058,Liskeard,-1,0
1172,53.7127,-1.34831,Glasshoughton,-1,0
1185,53.507359,-2.94461,Maghull,-1,0
1191,53.470299,-3.02928,Waterloo,-1,0
1194,53.70211,-1.65131,Halifax Road,-1,0
1212,53.01841,-1.48571,Belper,-1,0
1215,51.149712,0.88952,Javelin Way,-1,0
1235,53.452999,-2.61134,Newton Le Willows,-1,0
1243,53.452991,-2.61134,Newton Le Willows,-1,0
1268,50.939091,-1.47087,Adanac Drive,-1,0
1292,54.92012,-1.398392,Southwick,-1,0
1326,54.920021,-1.398392,Southwick,-1,0
1335,51.442638,-2.61318,Southville,-1,0
1415,54.821938,-1.450834,Hetton Le Hole,-1,0
1417,55.773659,-2.007072,Berwick Upon Tweed,-1,0
1418,55.773628,-2.007034,Berwick Upon Tweed,-1,0
1438,55.145515,-2.252005,Bellingham,-1,0
1440,54.82106,-1.45475,Hetton Le Hole,-1,0
1455,54.966267,-2.098696,South Park,-1,0
1456,54.936008,-1.371349,Seaburn,-1,0
1490,53.516811,-2.1517,Hollinwood,-1,0
1491,53.516811,-2.1517,Hollinwood,-1,0
1514,51.308529,-0.75605,Hawley Estate,-1,0
1530,53.48365,-2.122049,Ashton-Under-Lyne,-1,0
1542,53.49017,-2.08746,Ashton,-1,0
1543,53.49017,-2.08746,Ashton,-1,0
1544,53.483673,-2.122092,Ashton-Under-Lyne,-1,0
1545,53.488956,-2.098,Ashton Under Lyne,-1,0
1566,53.545288,-2.136462,Chadderton,-1,0
1567,53.545288,-2.136472,Chadderton,-1,0
1568,53.37701,-2.220729,Cheadle,-1,0
1613,53.489933,-2.091627,Ashton Under Lyne,-1,0
1618,53.442699,-2.422695,Irlam,-1,0
1619,53.442699,-2.422795,Irlam,-1,0
1664,53.624447,-2.160246,Whitehall Street,-1,0
1701,53.458839,-2.28754,Stretford,-1,0
1702,53.458939,-2.28754,Stretford,-1,0
1733,54.591621,-1.01794,Marske By The Sea,-1,0
1734,54.591621,-1.01794,Marske By The Sea,-1,0
1735,54.766499,-1.56974,Durham University Science Site,-1,0
1804,54.94635,-1.68026,Whickham,-1,0
1812,52.534531,-2.11662,Sedgley,-1,0
1848,53.624439,-2.16015,Whitehall Street,-1,0
1867,55.183472,-1.54645,Wansbeck,-1,0
1873,55.58123,-1.65419,Seahouses,-1,0
1885,54.994493,-1.431935,South shields,-1,0
1960,54.70753,-7.59209,Castlederg,-1,1
1972,54.5137,-6.0538,Lisburn,-1,2
1982,55.200932,-6.253492,Ballycastle,-1,-1
1983,55.204278,-6.522941,Bushmills,-1,-1
2012,54.652793,-5.800031,Holywood,-1,2
2043,54.619116,-6.213713,Crumlin,-1,2
2044,54.37878,-7.31583,Fivemiletown,-1,1
2048,54.257196,-5.94465,Castlewellan,-1,2
2051,54.3821,-5.5476,Newtownards,-1,2
2053,54.41549,-6.148853,Dromore,-1,2
2054,54.5045,-6.027934,Lisburn,-1,2
2055,54.694836,-6.018496,Templepatrick,-1,2
2057,54.4921,-6.06013,Hillsborough,-1,2
2081,54.71188,-6.09218,Templepatrick,-1,2
2091,54.99311,-7.31973,Derry City,-1,1
2105,54.47229,-7.63004,Irvinestown,-1,1
2106,54.47229,-7.63004,Irvinestown,-1,1
2123,54.466053,-6.084082,Down,-1,2
2124,54.09896,-6.254488,Down,-1,2
2125,54.717053,-5.810334,Carrickfergus,-1,2
2142,56.833729,-2.464344,Laurencekirk,-1,0
2143,55.797225,-4.619703,Gourock,-1,0
2144,57.493574,-2.442582,Turriff,-1,0
2151,56.150584,-3.788263,Alva,-1,0
2155,55.806714,-5.482817,Tarbert,-1,0
2157,55.627781,-6.189654,Isle of Islay,-1,-1
2170,55.840714,-3.03456,Gorebridge,-1,0
2175,54.83519,-4.05245,Kirkcudbright,-1,0
2219,56.054618,-3.299662,Kelty,-1,0
2222,56.111498,-3.345593,Cowdenbeath,-1,0
2225,56.221572,-2.696623,Anstruther,-1,0
2233,56.194028,-2.996805,Leven,-1,0
2236,56.05496,-4.2256,Balfron,-1,0
2266,57.652306,-3.593384,Forres,-1,0
2267,57.647124,-3.319648,Elgin,-1,0
2274,55.977219,-4.05751,"Croy, Kilsyth",-1,0
2275,55.97722,-4.05752,"Croy, Kilsyth",-1,0
2278,55.946658,-3.985006,Cumbernauld,-1,0
2279,55.946659,-3.985007,Cumbernauld,-1,0
2284,55.77166,-3.927234,Wishaw,-1,0
2285,55.771661,-3.927235,Wishaw,-1,0
2309,56.559525,-3.576857,Dunkeld,-1,0
2316,55.47701,-2.553002,Jedburgh,-1,0
2317,55.47702,-2.553003,Jedburgh,-1,0
2327,58.612083,-3.539625,Thurso,-1,-1
2331,54.786703,-4.097868,Kirkcudbright,-1,0
2360,55.676506,-4.06639,Strathaven,-1,0
2361,55.676507,-4.0664,Strathaven,-1,0
2429,55.820434,-4.081472,Bothwell,-1,0
2430,56.732739,-2.662082,Brechin,-1,0
2432,57.070908,-7.308168,Isle of Lewis,-1,3
2433,57.601241,-7.163857,Isle of North Uist,-1,3
2437,55.652136,-2.250178,Coldstream,-1,0
2451,56.632196,-4.827398,Ballachulish,-1,0
2464,56.732816,-2.461538,Montrose,-1,0
2470,57.249597,-3.376069,Ballindalloch,-1,0
2471,56.868483,-2.326973,Laurencekirk,-1,0
2477,56.777698,-2.615582,Brechin,-1,0
2486,55.944698,-4.567576,Dumbarton,-1,0
2487,55.944698,-4.567576,Dumbarton,-1,0
2495,55.783346,-4.425421,Barrhead,-1,0
2496,55.781997,-4.26823,Busby,-1,0
2497,55.801686,-4.39035,Barrhead,-1,0
2504,57.425344,-7.363748,Isle of Benbecula,-1,3
2506,55.934674,-4.686063,Port Glasgow,-1,0
2508,55.87606,-4.88837,Wemyss Bay,-1,0
2510,57.406194,-6.20066,Portree,-1,-1
2511,56.688546,-6.094005,Kilchoan,-1,-1
2512,56.955201,-7.489373,Isle of Barra,-1,3
2514,57.604931,-7.162085,Isle of North Uist,-1,3
2523,56.085495,-4.541077,Balfron,-1,0
2525,56.358365,-4.358317,Lochearnhead,-1,0
2526,57.895168,-5.158407,Ullapool,-1,-1
2535,56.555589,-2.585762,Arbroath,-1,0
2543,56.0226,-3.830887,Labert,-1,0
2544,55.546835,-2.841412,Selkirk,-1,0
2546,57.496034,-1.796328,Peterhead,-1,0
2561,55.955262,-3.401527,Kirkliston,-1,0
2566,57.538617,-2.951777,Keith,-1,0
2570,55.976616,-3.606845,Linlithgow,-1,0
2594,56.70888,-2.460069,Montrose,-1,0
2609,55.869777,-2.089797,Eyemouth,-1,0
2615,57.615065,-3.572212,Forres,-1,0
2618,55.32969,-3.44582,Moffat,-1,0
2624,58.116858,-3.652821,Helmsdale,-1,0
2625,55.873777,-3.11726,Bonnyrigg,-1,0
2627,56.591567,-3.339315,Blairgowrie,-1,0
2629,55.242565,-4.859788,Girvan,-1,0
2630,55.545644,-4.662229,Troon,-1,0
2631,55.495238,-4.610706,Prestwick,-1,0
2636,56.228881,-5.075206,Inveraray,-1,0
2637,55.947939,-4.923696,Dunoon,-1,0
2638,56.162295,-3.670092,Dollar,-1,0
2639,56.150058,-3.853344,Menstrie,-1,0
2640,56.15322,-3.739764,Tillicoultry,-1,0
2643,57.411117,-6.194342,Portree,-1,-1
2644,57.331472,-3.606754,Grantown-on-Spey,-1,0
2645,57.81074,-4.055072,Tain,-1,0
2650,55.634863,-4.785377,Saltcoats,-1,0
2651,55.755108,-4.685335,Kilbirnie,-1,0
2655,56.003203,-4.734628,Helensburgh,-1,0
2656,55.837353,-5.053654,Isle of Bute,-1,0
2661,57.719793,-3.281692,Lossiemouth,-1,0
2662,55.750771,-4.932317,Isle of Cumbrae,-1,0
2670,55.840006,-3.047179,Gorebridge,-1,0
2674,56.244764,-4.217906,Callander,-1,0
2676,55.941555,-4.159049,Bishopbriggs,-1,0
2677,57.365504,-2.072471,Ellon,-1,0
2678,55.920329,-4.331492,Bearsden,-1,0
2684,55.893124,-4.625941,Kilmacolm,-1,0
2687,58.554092,-3.919253,Thurso,-1,-1
2689,57.08108,-4.05424,Kingussie,-1,0
2691,56.037521,-5.43451,Lochgilphead,-1,0
2692,55.423347,-5.601061,Campbeltown,-1,-1
2699,55.961035,-4.822045,Gourock,-1,0
2700,56.46542,-4.31862,Killin,-1,0
2702,55.941555,-4.159049,Kirkintilloch,-1,0
2703,57.694098,-2.004717,Fraserburgh,-1,0
2704,57.233457,-2.704014,Alford,-1,0
2705,57.076181,-2.779301,Aboyne,-1,0
2706,57.006574,-3.398185,Ballater,-1,0
2708,56.890858,-4.842144,Roy Bridge,-1,0
2710,56.024809,-3.907994,Denny,-1,0
2715,55.904608,-4.449982,Erskine,-1,0
2717,57.00615,-5.830173,Mallaig,-1,-1
2718,57.191884,-3.834385,Aviemore,-1,0
2721,57.213723,-5.418547,Kyle,-1,-1
2722,56.436161,-4.711599,Crianlarich,-1,0
2723,56.436161,-4.711599,Crianlarich,-1,0
2724,56.020109,-3.723729,Grangemouth,-1,0
2732,57.585289,-3.871088,Auldearn,-1,0
2737,56.567653,-3.58622,Dunkeld,-1,0
2742,55.723995,-2.759726,Lauder,-1,0
2743,56.499293,-2.71015,Carnoustie ,-1,0
2752,57.44771,-2.789727,Huntly,-1,0
2753,57.537266,-2.461509,Turriff,-1,0
2764,58.441343,-3.095738,Caithness,-1,-1
2766,56.46774,-2.873403,Dundee City,-1,0
2770,56.00527,-4.591165,Balloch,-1,0
2771,56.00527,-4.591165,Balloch,-1,0
2773,57.901724,-6.813834,West Tarbert,-1,3
2774,57.471319,-7.371615,Balivanich,-1,3
2778,55.829916,-3.936151,Newhouse,-1,0
2782,55.959353,-4.04293,Croy Park and Ride,-1,0
2788,55.959353,-4.04293,Croy,-1,0
2792,56.437577,-5.798899,"Craignure, Isle of Mull",-1,-1
2793,56.162973,-4.035966,Blair Drummond,-1,0
2799,56.269597,-4.933294,"Clachan, Cairndow",-1,0
2800,57.895328,-5.160003,Ullapool,-1,-1
2801,55.829916,-3.936151,Newhouse ,-1,0
2803,55.969959,-3.185369,"Halbeath, Dunfermline",-1,0
2805,56.066171,-3.717335,Kincardine,-1,0
2806,56.08164,-3.394109,"Halbeath, Dunfermline",-1,0
2814,57.966942,-4.401106,"The Links, Golspie Business Pa",-1,0
2815,55.838624,-4.33519,Glasgow ,-1,0
2822,58.199817,-7.013427,"Uig, Isle of Lewis",-1,3
2823,58.327154,-6.682115,"Shawbost, Isle of Lewis",-1,3
2827,56.517543,-4.767196,Bride of Orchy,-1,0
2830,57.00133,-4.317799,Laggan,-1,-1
2834,56.008278,-2.861536,Aberlady,-1,0
2835,55.960295,-2.606205,Stenton,-1,0
2836,55.993409,-2.552703,West Barns,-1,0
2840,55.928369,-2.662639,Garvald,-1,0
2841,55.902394,-2.741856,Gifford,-1,0
2849,53.945198,-3.057695,Musselburgh,-1,0
2851,55.911674,-2.884612,Pencaitland,-1,0
2853,55.19849,-3.91828,Thornhill,-1,0
2901,54.934342,-3.817744,Dalbeattie ,-1,0
2909,55.2385,-3.76665,Thornhill,-1,0
2950,55.97746,-2.895683,Longniddry,-1,0
2951,55.969509,-2.950091,Cockenzie Port Seton,-1,0
3158,55.828575,-4.220271,Rutherglen ,-1,0
3159,55.828575,-4.220271,Rutherglen ,-1,0
3163,55.663458,-3.914945,Kirkmuirhill ,-1,0
3188,55.99133,-3.398619,Queensferry,-1,0
3189,55.99133,-3.398619,Queensferry,-1,0
3219,51.411173,-0.055369,Anerley,-1,0
3221,51.451127,0.050619,Eltham,-1,0
3223,51.533633,-0.172353,St. John's Wood,-1,0
3235,51.496067,0.093083,Thamesmead,-1,0
3236,51.496764,0.092801,Thamesmead,-1,0
3239,51.515286,-0.116644,Lincoln's Inn Fields,-1,0
3241,51.487717,-0.142074,Vauxhall Bridge,-1,0
3249,51.604041,-0.239335,Mill Hill,-1,0
3267,51.493,-0.202,West Kensington,-1,0
3269,51.24815,-0.758249,Aldershot,-1,0
3331,51.492,-0.275,Chiswick,-1,0
3343,51.604041,-0.239335,Mill Hill,-1,0
3379,53.564583,-0.090847,,-1,0
3380,53.558684,-0.030395,,-1,0
3381,54.553891,-3.456636,Frizington,-1,0
3398,50.817799,-0.498348,Edinburgh,-1,0
3453,50.598755,-3.460713,Dawlish,-1,0
3469,51.359607,-0.19094,Belmont,-1,0
3475,51.309401,-0.081073,Caterham,-1,0
3507,51.176632,-0.007531,Lingfield,-1,0
3508,51.176647,-0.007431,Lingfield,-1,0
3518,51.391533,-0.111222,Thornton Heath,-1,0
3519,51.391533,-0.111222,Thornton Heath,-1,0
3523,50.847846,-0.546534,Arundel,-1,0
3524,50.847808,-0.546578,Arundel,-1,0
3529,52.132925,0.20573,Bishop's Stortford,-1,0
3541,52.322607,-0.070103,St. Ives,-1,0
3542,52.226642,-0.275248,St. Neots,-1,0
3555,51.356895,-1.144295,Tadley,-1,0
3557,50.83475,-3.27938,HONITON,-1,0
3565,52.74867,-1.47032,Ashby-de-la-Zouch,-1,0
3566,52.74867,-1.47032,Ashby-de-la-Zouch,-1,0
3567,52.750724,1.368294,Thringstone,-1,0
3568,52.750716,1.368294,Thringstone,-1,0
3569,52.84262,-1.336594,"Castle Donington,",-1,0
3570,52.84262,-1.336594,"Castle Donington,",-1,0
3571,52.739946,-1.353977,"Coalville,",-1,0
3572,52.739946,-1.353977,"Coalville,",-1,0
3592,52.343756,-6.490731,Co.Wexford,-1,-1
3609,54.578798,-1.239281,London,-1,0
3643,53.431255,-2.354478,Trafford,-1,0
3646,51.431121,-0.519306,Spelthorne,-1,0
3650,53.303671,-2.93159,Cheshire West and Chester,-1,0
3687,51.577401,0.003291,Waltham Forest,-1,0
3695,56.079562,-3.49009,Fife,-1,0
3696,56.128027,-3.170135,Fife,-1,0
3716,51.539,0.079,Barking and Dagenham,-1,0
3732,52.826388,-1.332192,North West Leicestershire,-1,0
3733,52.826348,-1.332196,North West Leicestershire,-1,0
3753,51.625819,-0.505897,Three Rivers,-1,0
3754,51.799194,-1.539524,West Oxfordshire,-1,0
3755,55.608441,-4.635639,North Ayrshire,-1,0
3790,51.57472,-3.294382,Cynon Taf,-1,0
3791,52.792402,0.10653,Long Sutton,-1,0
3835,51.657894,-3.924893,West Glamorgan,-1,0
3860,55.809681,-4.347824,Strathclyde,-1,0
3878,53.537056,-0.046601,North Lincolnshire,-1,0
3899,51.77099,-0.942309,Haddenham,-1,0
3907,51.284828,-3.008491,Burham-on-Sea,-1,0
3908,52.456209,-0.113178,Cambridgeshire,-1,0
3912,51.413753,-2.494591,Keynsham,-1,0
3917,51.351462,-2.384834,Bath and North East Somerset,-1,0
3918,51.351545,-2.384761,Bath and North East Somerset,-1,0
3942,52.341775,-2.278401,Stourport-on-Severn,-1,0
3965,52.378389,-2.484768,Worcestershire,-1,0
4059,51.603436,0.085327,Hainault,-1,0
4077,52.981389,-3.411742,Denbighshire,-1,0
4103,53.168727,-1.048149,Nottinghamshire,-1,0
4104,53.168727,-1.048149,Nottinghamshire,-1,0
4138,53.702639,-1.27333,Knottingley,-1,0
4216,52.037951,-4.470243,Newcastle Emlyn,-1,0
4219,51.134813,-4.241677,Croyde,-1,0
4220,54.916304,-1.382191,Tyne And Wear,-1,0
4253,51.273183,0.395401,King's Hill,-1,0
4258,51.273116,0.395359,King's Hill,-1,0
4281,51.436639,-0.380371,Hanworth,-1,0
4319,52.374916,-2.04212,Worcestershire,-1,0
4328,54.713454,-1.745023,Crook,-1,0
4368,53.45063,-2.726785,Merseyside,-1,0
4370,52.799187,-0.128941,Lincolnshire,-1,0
4389,50.334477,-4.641618,Fowey,-1,0
4413,54.384564,-2.915923,Windermere,-1,0
4422,53.807226,-1.661348,Stanningley,-1,0
4430,53.701457,-1.63701,West Yorkshire,-1,0
4456,55.291966,-4.824596,Ayrshire,-1,0
4458,51.411668,-0.311761,Kingston-upon-Thames,-1,0
4460,51.897965,-0.671594,Bedfordshire,-1,0
4473,57.879054,-4.023705,Dornoch,-1,0
4476,53.020457,-4.121039,Wales,-1,0
4485,56.188826,-4.781272,Argyll and Bute,-1,0
4487,50.765774,-3.285643,Ottery St Mary,-1,0
4490,51.941325,-3.411675,Llanfaes,-1,0
4545,52.463239,-2.115709,Lye,-1,0
4583,53.558719,-0.03039,Cleethorpes,-1,0
4589,51.414824,-0.412636,Sunbury-on-Thames,-1,0
4609,53.713561,-2.091204,Todmorden,-1,0
4611,55.934744,-4.693144,Port Glasgow,-1,0
4655,53.681226,-0.453909,Barton,-1,0
4658,51.82639,-3.684493,Swansea Valley,-1,0
4703,52.904231,-4.328888,Gwynedd,-1,0
4704,52.906129,-4.333554,Gwynedd,-1,0
4775,51.686669,-0.73467,Great Missenden,-1,0
4785,51.55438,0.687133,Westcliff-on-Sea,-1,0
4789,53.865658,-1.689713,Yeadon,-1,0
4790,53.865658,-1.689713,Yeadon,-1,0
4799,51.365805,-0.151378,Wallington,-1,0
4802,52.455443,-1.199698,Leicestershire,-1,0
4803,54.77693,-1.540797,DURHAM,-1,0
4810,54.544312,-2.950479,Ullswater,-1,0
4819,54.364179,-3.066834,Coniston,-1,0
4825,54.36867,-3.07388,Coniston,-1,0
4830,53.746571,-1.47934,Rothwell,-1,0
4834,52.537863,-0.997521,Kibworth Beauchamp,-1,0
4838,51.82639,-3.684493,Swansea Valley,-1,0
4839,53.746571,-1.47934,Rothwell,-1,0
4860,54.294304,-1.983671,Leyburn,-1,0
4867,52.387654,0.228118,Cambs,-1,0
4878,52.387646,0.228169,Cambs,-1,0
4921,53.912911,-0.162098,Hornsea,-1,0
4928,51.652815,-2.231908,Tetbury,-1,0
4939,53.120736,-2.777025,Tattenhall,-1,0
4959,53.120736,-2.777025,Tattenhall,-1,0
4977,53.32858,-3.101767,Wirral,-1,0
4986,53.32858,-3.101767,Wirral,-1,0
5000,54.916331,-1.382123,Tyne And Wear,-1,0
5008,51.596708,-3.782366,Port Talbot,-1,0
5010,51.652815,-2.231908,Tetbury,-1,0
5015,51.596708,-3.782366,Port Talbot,-1,0
5046,55.764006,-2.023793,Berwick-Upon-Tweed,-1,0
5065,52.47296,-2.082047,Cradley Heath,-1,0
5077,52.932628,0.985992,Langham,-1,0
5078,52.47296,-2.082047,Cradley Heath,-1,0
5086,51.23626,-2.983891,Burnham-on-Sea,-1,0
5124,52.932628,0.985992,Langham,-1,0
5137,54.858734,-1.578042,Chester-Le-Street,-1,0
5145,53.237771,-0.512539,Lincolnshire,-1,0
5147,55.999411,-3.839261,Tamfourhill,-1,0
5150,51.113251,-1.488272,Stockbridge,-1,0
5151,53.723015,-0.41707,Hessle,-1,0
5155,53.538509,-2.010826,Saddleworth,-1,0
5158,53.723015,-0.41707,Hessle,-1,0
5161,51.23626,-2.983891,Burnham-on-Sea,-1,0
5169,51.693485,-0.181651,Potters Bar,-1,0
5178,51.693485,-0.181651,Potters Bar,-1,0
5187,54.858734,-1.578042,Chester-Le-Street,-1,0
5247,52.79665,-1.63501,Burton Upon Trent,-1,0
5254,54.517397,-1.317074,Ingleby,-1,0
5269,52.041381,-2.425988,Ledbury,-1,0
5282,50.198237,-5.474041,Saint Ives,-1,0
5285,50.386316,-3.964258,Ivybridge,-1,0
5289,51.804569,-4.970524,Pembrokeshire,-1,0
5293,52.041381,-2.425988,Ledbury,-1,0
5312,50.198233,-5.474045,Saint Ives,-1,0
5325,52.577931,-2.045664,Willenhall,-1,0
5329,50.386316,-3.964258,Ivybridge,-1,0
5346,51.417549,-0.425052,Sunbury-On-Thames,-1,0
5347,53.538509,-2.010826,Saddleworth,-1,0
5354,52.79665,-1.63501,Burton Upon Trent,-1,0
5382,51.417549,-0.425052,Sunbury-On-Thames,-1,0
5398,51.408138,-0.368308,West Molesey,-1,0
5404,51.408138,-0.368308,West Molesey,-1,0
5415,54.84795,-2.054457,Blanchland,-1,0
5419,53.644436,-2.101568,Littleborough,-1,0
5422,53.5311,-2.743155,Pimbo Nr Wigan,-1,0
5428,53.53114,-2.743185,Pimbo Nr Wigan,-1,0
5431,51.279613,-0.960887,Hook,-1,0
5434,50.538491,-4.145488,Tavistock,-1,0
5437,51.279613,-0.960887,Hook,-1,0
5442,50.538491,-4.145488,Tavistock,-1,0
5443,50.769728,-1.899761,Kinson,-1,0
5454,53.283222,-3.812228,Llandudno Junction,-1,0
5481,54.220379,-4.699051,Peel,-1,4
5483,54.220379,-4.699051,Peel,-1,4
5496,54.517397,-1.317074,Ingleby,-1,0
5502,53.283222,-3.812228,Llandudno Junction,-1,0
5504,51.626811,-4.046282,Dunvant,-1,0
5510,53.42447,-2.324096,Sale,-1,0
5536,51.626811,-4.046282,Dunvant,-1,0
5539,55.764006,-2.023793,Berwick-Upon-Tweed,-1,0
5543,53.583927,-1.48802,Mapplewell,-1,0
5560,50.580871,-3.745031,Haytor,-1,0
5566,52.34146,-0.538298,Raunds,-1,0
5574,54.251382,-4.46381,Mountain Road,-1,4
5575,54.074112,-4.652801,Castletown,-1,4
5579,54.204083,-4.639611,St John's,-1,4
5580,54.098087,-4.631318,Ballasalla,-1,4
5582,54.08547,-4.759558,Port Erin,-1,4
5583,54.078505,-4.739692,Port St Mary,-1,4
5595,52.790657,-1.669482,Burton-on-Trent,-1,0
5608,50.995351,-0.21145,Bolney,-1,0
5625,54.074112,-4.652801,Castletown,-1,4
5638,54.003419,-0.438633,Driffield,-1,0
5639,50.87747,0.535352,St Leonards-On-Sea,-1,0
5640,53.42447,-2.324096,Sale,-1,0
5641,53.284642,-3.815667,Conwy,-1,0
5654,50.87747,0.535352,St Leonards-On-Sea,-1,0
5666,54.003419,-0.438633,Driffield,-1,0
5675,52.60088,0.376754,Downham Market,-1,0
5676,50.47474,-3.53023,Torquay,-1,0
5688,52.60088,0.376754,Downham Market,-1,0
5695,52.941007,1.211531,Sheringham,-1,0
5709,53.525767,-1.632927,Penistone,-1,0
5718,52.941007,1.211531,Sheringham,-1,0
5753,52.457,-2.0475,Halesowen,-1,0
5754,53.014955,-1.359495,Heanor,-1,0
5761,50.986303,-2.363197,Henstridge,-1,0
5765,53.014955,-1.359495,Heanor,-1,0
5777,51.5235,0.5553,Canvey Island,-1,0
5784,51.526926,-0.893128,Henley-On-Thames,-1,0
5794,51.5206,0.0686,Beckton,-1,0
5795,51.5206,0.0686,Beckton,-1,0
5834,50.986303,-2.363197,Henstridge,-1,0
5835,51.363168,1.107976,Herne Bay,-1,0
5844,51.526926,-0.893128,Henley-On-Thames,-1,0
5851,54.322557,-4.388301,Ramsey,-1,4
5856,54.145907,-4.48181,Douglas,-1,4
5858,54.145907,-4.48181,Douglas,-1,4
5864,51.4145,-0.1227,Norbury,-1,0
5906,56.017952,-3.603407,Bo Ness,-1,0
5934,51.406137,-0.166461,Mitcham,-1,0
5935,50.606231,-1.975003,Swanage ,-1,0
5937,50.606208,-1.975045,Swanage ,-1,0
5939,51.34662,-0.020213,New Addington,-1,0
5956,51.345567,-0.483448,West Byfleet,-1,0
5957,53.238219,-4.14396,Menai Bridge,-1,0
5961,56.017952,-3.603407,Bo Ness,-1,0
5993,50.820976,-1.852694,Dorset ,-1,0
6020,51.623854,-1.296356,Milton Park,-1,0
6029,51.592634,0.039828,Woodford Green,-1,0
6033,50.505875,-4.307306,Callington,-1,0
6045,55.882634,-2.955858,Midlothain,-1,0
6048,52.323417,-0.069538,Saint Ives,-1,0
6051,51.592634,0.039828,Woodford Green,-1,0
6053,53.690803,-0.442339,Barton-Upon-Humber,-1,0
6068,50.769728,-1.899761,Kinson,-1,0
6070,53.525767,-1.632927,Penistone,-1,0
6073,51.798284,-0.071295,Hertford,-1,0
6080,53.690803,-0.442339,Barton-Upon-Humber,-1,0
6089,51.421333,0.020727,Bromley North,-1,0
6096,51.798284,-0.071295,Hertford,-1,0
6118,50.473423,-3.658692,Newton Abbot,-1,0
6122,50.505875,-4.307306,Callington,-1,0
6153,52.444333,0.618738,Brandon,-1,0
6181,51.411721,-0.139686,Mitcham,-1,0
6183,51.367099,-0.395684,Hersham,-1,0
6188,52.444333,0.618738,Brandon,-1,0
6200,52.380682,-1.775585,Solihul,-1,0
6211,51.321305,-1.79694,Pewsey,-1,0
6237,53.001645,-0.411709,Sleaford,-1,0
6238,50.934864,-1.464774,Nursling,-1,0
6239,51.55224,0.611951,Hadleigh,-1,0
6241,55.935135,-3.456273,Broxburn,-1,0
6242,52.59913,-1.079587,Oadby,-1,0
6246,53.442481,-1.94677,Glossop,-1,0
6258,51.706575,-4.775218,Redberth,-1,0
6266,50.271721,-4.790392,Mevagissey,-1,0
6267,50.271721,-4.790392,Mevagissey,-1,0
6277,51.401041,-0.193666,Morden,-1,0
6279,53.001645,-0.411709,Sleaford,-1,0
6285,52.324859,-0.070796,Saint Ives,-1,0
6288,51.042274,-3.312698,Near Taunton,-1,0
6291,53.1,-1.34,Hardstoft,-1,0
6304,54.152134,-2.469701,Ingleton,-1,0
6305,52.724271,-2.469701,Ingleton,-1,0
6307,54.118785,-2.510175,Bentham,-1,0
6308,54.118785,-2.510175,Bentham,-1,0
6316,50.34631,-4.219384,Millbrook,-1,0
6317,52.688041,-1.397121,Ibstock,-1,0
6318,52.688041,-1.397121,Ibstock,-1,0
6340,51.779606,-1.16374,Stanton St John ,-1,0
6341,51.779606,-1.16374,Stanton St John,-1,0
6382,51.422584,-2.694619,"Backwell, Nailsea",-1,0
6395,51.38586,-2.712836,"Backwell, Nailsea",-1,0
6427,51.276193,0.396768,West Malling,-1,0
6428,51.276193,0.396334,West Malling,-1,0
6429,51.385934,1.382203,Margate,-1,0
6437,51.990817,-1.701073,Moreton-in-Marsh,-1,0
6469,53.063306,-0.963777,Southwell,-1,0
6488,52.038779,-0.335684,Shefford,-1,0
6491,52.499769,0.054942,March,-1,0
6501,52.247562,1.619115,Saxmundham,-1,0
6502,51.5156,0.4262,Stanford-le-Hope,-1,0
6510,51.545469,0.70849,Southend,-1,0
6513,52.048,-0.019,Royston,-1,0
6556,52.448969,-2.22865,Kinver,-1,0
6633,52.54272,-0.30283,Peterbrough,-1,0
6634,52.54272,-0.30283,Peterbrough,-1,0
6636,53.61645,-0.97594,Thorne,-1,0
6637,53.73541,-1.72283,Cleckheaton,-1,0
6638,53.616475,-0.975911,Thorne,-1,0
6641,53.73592,-1.723581,Cleckheaton,-1,0
6657,53.26145,-3.45374,Saint Asaph,-1,0
6658,53.26145,-3.45374,Saint Asaph,-1,0
6662,52.53959,-2.0868,Central Drive,-1,0
6664,52.67068,0.95174,Dereham,-1,0
6665,52.67068,0.95174,Dereham,-1,0
6666,53.18997,-3.05108,Deeside ,-1,0
6667,52.69376,-2.13226,Gailey,-1,0
6681,52.98671,-1.2295,Nuthall,-1,0
6691,55.03164,-1.52195,Shiremoor,-1,0
6692,55.03164,-1.52195,Shiremoor,-1,0
6732,51.35964,1.06229,Whistable,-1,0
6741,52.44303,-2.21237,Kinver,-1,0
6748,51.66227,-3.1399,Newbridge,-1,0
6750,50.48525,-3.56388,Torquay,-1,0
6758,51.10534,-0.86786,Bordon,-1,0
6764,52.60611,-2.15893,Tettenhall,-1,0
6767,52.56268,0.06582,March,-1,0
6789,52.89339,-1.26384,Long Eaton,-1,0
6796,50.9291,-2.92487,Illminster,-1,0
6799,52.98739,-0.98464,Gunthorpe,-1,0
6806,53.10717,-1.0621,Farnsfield,-1,0
6856,51.59057,0.52,Wickford,-1,0
6857,53.52342,-2.5079,Atherton,-1,0
6873,52.79358,-1.6711,Burton-upon-Trent,-1,0
6874,52.79358,-1.6711,Burton-upon-Trent,-1,0
6877,52.96935,-0.05935,Wyberton,-1,0
6878,52.96935,-0.05935,Wyberton,-1,0
6899,54.02323,-1.56393,Killinghall,-1,0
6900,54.02323,-1.56393,Killinghall,-1,0
6914,53.58341,-2.33427,Radcliffe,-1,0
6915,53.58341,-2.33427,Radcliffe,-1,0
7000,51.526308,-0.076671,Bethnal Green,-1,0
7007,54.619369,-6.214091,Crumlin,-1,2
7018,54.707148,-7.589163,Castlederg,-1,1
7019,54.55157,-5.602185,Newtownards,-1,2
7020,55.240026,-6.511035,Bushmills,-1,-1
7031,50.4067,-4.66302,Lostwithiel,-1,0
7032,51.542395,0.695495,Westcliff-on-Sea,-1,0
7038,54.550044,-3.586819,Copeland,-1,0
7041,54.196217,-3.092573,Ulverston,-1,0
7042,54.47455,-2.351774,Eden,-1,0
7059,52.048,-0.019,Royston,-1,0
7086,50.860436,0.56222,St Leonards-on-Sea,-1,0
7093,52.54462,-2.044949,Tipton,-1,0
7096,53.47393,-2.300544,Blue,-1,0
7104,51.390325,-0.324014,Thames Ditton,-1,0
7105,52.467495,-1.751319,Marston Green,-1,0
7115,51.540125,0.709095,Southend on Sea,-1,0
7117,51.465701,0.14732,Bexleyheath,-1,0
7118,51.560337,-0.381091,Ruislip,-1,0
7122,50.367712,-4.783065,St. Austell,-1,0
7123,50.367712,-4.783065,St. Austell,-1,0
7128,51.457889,-0.471292,Stanwell,-1,0
7141,53.468988,-0.235507,Manchester,-1,0
7150,51.047329,0.51177,Hawkhurst,-1,0
7152,53.408704,-2.997981,LIverpool,-1,0
7153,53.408704,-2.997981,LIverpool,-1,0
7155,54.047965,-2.285781,Settle,-1,0
7157,50.791064,0.003009,Peacehaven,-1,0
7164,52.81771,-1.630126,Burton on Trent,-1,0
7169,50.845805,-0.937129,Emsworth,-1,0
7185,53.193756,-2.453581,Middlewich,-1,0
7186,51.470921,-0.955291,Caversham,-1,0
7194,50.327452,-4.635746,Fowey,-1,0
7196,51.368838,1.299639,Birchington,-1,0
7210,51.4637,-0.33156,Isleworth,-1,0
7214,53.08503,-3.017208,Gwersyllt,-1,0
7217,53.046437,-2.990788, Wrexham ,-1,0
7218,50.810661,-4.35378,Holsworthy,-1,0
7231,53.687909,-1.836282,Elland,-1,0
7232,54.963543,-1.709538,Blaydon-on-Tyne,-1,0
7234,51.902837,-0.522457,Houghton Regis,-1,0
7241,51.542093,-0.149774,Camden Town,-1,0
7246,50.812029,-4.352947,Torrington,-1,0
7247,51.021909,-4.203325,"Bideford, Lundy Island",-1,0
7249,51.243725,-2.291382,Frome,-1,0
7253,53.452078,-2.07361,Hyde,-1,0
7265,53.89579,-1.96501,Steeton,-1,0
7270,53.144686,-4.271662,Caernarfon,-1,0
7284,51.141847,-0.493737,Waverley,-1,0
7287,51.554691,0.605367,Benfleet,-1,0
7289,51.204157,-2.183451,Warminster,-1,0
7292,53.099972,-2.031905,Leek,-1,0
7301,52.571419,1.119028,Wymondham,-1,0
7308,53.021214,-1.486834,Belper,-1,0
7316,53.231076,-1.289847,Bolsover,-1,0
7318,51.474341,-2.550023,Eastville,-1,0
7323,51.405461,-2.599077,Hartcliffe,-1,0
7337,51.792621,-3.222474,Lutterworth,-1,0
7367,53.708858,-1.252927,Knottingley,-1,0
7369,53.365846,0.00149,Louth,-1,0
7382,52.679133,-1.93751,Burntwood,-1,0
7383,53.706219,-0.880167,Goole,-1,0
7386,52.330557,-0.058552,St. Ives,-1,0
7387,52.838897,0.86945,Barsham,-1,0
7394,53.786809,-2.403115,Hyndburn,-1,0
7395,53.490168,-2.532173,"Leigh,  Lancashire",-1,0
7398,53.325191,-1.911742,High Peak,-1,0
7408,53.679044,-1.581248,Ossett,-1,0
7409,53.706946,-1.91369,Sowerby Bridge,-1,0
7415,53.742654,-2.012856,Hebden Bridge,-1,0
7422,52.986118,-1.985071," Stoke-on-Trent, ",-1,0
7424,53.022285,-2.239397,Newcastle-under-Lyme,-1,0
7490,50.890556,0.266749,Hellingly,-1,0
7532,53.289391,-3.062336,Neston,-1,0
7533,53.289391,-3.062336,Neston,-1,0
7541,50.347453,-4.784523,St Austell,-1,0
7546,50.406588,-4.662879,Lostwithiel,-1,0
7547,50.365564,-4.748701,Par,-1,0
7560,50.340284,-4.758007,St Austell,-1,0
7572,52.56382,-2.073652,Bilston,-1,0
7573,52.793671,-1.664549,Burton-On-Trent,-1,0
7583,53.007179,-2.226387,Newcastle Under Lyme,-1,0
7587,52.902599,-2.145625,Stone,-1,0
7592,53.372082,-3.187291,West Kirby,-1,0
7656,50.738939,-3.957159,Okehampton,-1,0
7662,53.673081,-1.776768,Huddersfield ,-1,0
7681,53.68512,-1.835851,Elland,-1,0
7710,52.393478,-2.018098,Leeds,-1,0
7711,53.825952,-1.546043,Chapeltown,-1,0
7712,53.67786,-1.506028,Colinsway,-1,0
7714,53.65985,-1.556717,Horbury,-1,0
7715,53.789558,-1.584567,Wortley,-1,0
7718,53.855148,-1.687142,Rawdon,-1,0
7734,53.708846,-1.674817,Heckmondwike,-1,0
7735,53.7953,-1.388865,Garforth,-1,0
7740,53.828308,-1.592128,Headingley,-1,0
7741,53.828308,-1.592052,Headingley,-1,0
7743,51.64561,-3.936525,Plasmarl,-1,0
7744,53.537851,-2.290984,Prestwich,-1,0
7746,52.129882,-2.310362,Malvern ,-1,0
7749,52.472019,-0.719904,Great Oakley,-1,0
7752,53.19733,-2.513668,Winsford,-1,0
7755,52.37228,1.110076,Diss,-1,0
7757,53.099628,-1.242981,Kirkby,-1,0
7759,51.476838,-2.131493,Chippenham ,-1,0
7761,55.545959,-4.663445,Troon,-1,0
7763,52.924099,-1.102831,West Bridgford,-1,0
7768,53.783138,-2.875623,Kirkham,-1,0
7770,52.498375,-1.709784,Coleshill,-1,0
7771,50.922241,-1.522876,Totton,-1,0
7773,53.81348,-1.602297,Kirkstall,-1,0
7775,52.80809,-0.141484,Pinchbeck,-1,0
7777,51.617298,-0.110965,Palmers Green,-1,0
7822,51.284698,-2.480212,Midsomer Norton,-1,0
7824,51.284698,-2.480212,Midsomer Norton,-1,0
7831,51.493801,-2.584722,Horfield,-1,0
7833,51.493801,-2.584722,Horfield,-1,0
7843,51.4627,-2.315213,Marshfield,-1,0
7848,51.510132,-2.572774,Filton,-1,0
7861,51.44886,-2.500421,Longwell Green,-1,0
7863,51.535851,-2.546144,Bradley Stoke,-1,0
7871,52.933031,-3.185502,Glyn Ceiriog,-1,0
7872,52.969553,-2.934265,Overton,-1,0
7873,53.008239,-3.037843,Johnstown,-1,0
7880,53.095441,-2.996669,Llay,-1,0
7881,53.080445,-2.882008,Holt,-1,0
7882,53.072029,-3.021888,Gwersyllt,-1,0
7893,52.65591,-0.466105,Stamford,-1,0
7898,53.705551,-1.67707,Heckmondike,-1,0
7900,55.942101,-4.560533,Dumbarton ,-1,0
7902,51.40976,0.757817,Isle Of Sheppey,-1,0
7904,53.82446,-1.733541,Idle,-1,0
7909,52.235771,-0.986137,Harpole,-1,0
7925,50.43165,-3.68274,Totnes,-1,0
7934,50.546984,-3.515081,Teignmouth,-1,0
7935,50.887192,0.550303,St Leonards-on-Sea,-1,0
7949,51.529228,-2.422855,"Chipping Sodbury, Yate",-1,0
7950,51.607311,-0.020849,Chingford,-1,0
7951,52.411384,-2.155507,Hagley,-1,0
7953,51.52877,-2.423614,"Chipping Sodbury, Yate",-1,0
7956,51.99786,-2.127833,Tewkesbury,-1,0
7957,51.99781,-2.127752,Tewkesbury,-1,0
7966,51.64953,0.055047,Loughton,-1,0
7976,51.46344,-2.511409,Kingswood,-1,0
7977,51.607326,-2.523026, Thornbury,-1,0
7980,51.463444,-2.511409,Kingswood,-1,0
7988,51.141847,-0.493737,Cranleigh,-1,0
7989,53.729759,-0.570401,Brough,-1,0
8000,50.771591,-0.795445,Sidlesham,-1,0
8002,54.8134,-2.442423,Eden,-1,0
8003,54.276664,-3.212173,Broughton-in-Furness,-1,0
8004,54.026989,-2.795127,Lancaster ,-1,0
8010,54.76503,-3.32022,Aspatria,-1,0
8011,50.64173,-1.18041,Shanklin,-1,0
8012,51.063789,-2.078827,Tisbury,-1,0
8013,53.773552,-2.526269,Mellor,-1,0
8014,54.993027,-2.109915,Acomb,-1,0
8015,54.993027,-2.109915,Acomb,-1,0
8016,54.975871,-2.347377,Bardon Mill,-1,0
8017,54.975871,-2.347377,Bardon Mill,-1,0
8024,55.719611,-2.160569,Norham,-1,0
8025,55.719611,-2.160569,Norham,-1,0
8036,54.973131,-2.244104,Haydon Bridge,-1,0
8037,54.973131,-2.244104,Haydon Bridge,-1,0
8038,55.214524,-1.545526,Lynemouth,-1,0
8039,55.214524,-1.545526,Lynemouth,-1,0
8052,54.975019,-1.947335,Stocksfield,-1,0
8053,54.975019,-1.947335,Stocksfield,-1,0
8066,55.641391,-2.278691,Wark on Tweed,-1,0
8067,55.641391,-2.278691,Wark on Tweed,-1,0
8090,55.036489,-2.126692,Humshaugh,-1,0
8091,55.036489,-2.126692,Humshaugh,-1,0
8092,52.036087,0.733918,SUDBURY,-1,0
8094,55.348486,-1.612952,Warkworth,-1,0
8095,55.348486,-1.612952,Warkworth,-1,0
8096,54.981851,-2.533671,Greenhead,-1,0
8097,55.651854,-1.97101,Lowick,-1,0
8098,55.651854,-1.97101,Lowick,-1,0
8102,51.490532,0.291525,Chafford Hundred,-1,0
8103,51.490555,0.291519,Chafford Hundred,-1,0
8107,50.807302,-1.198327,Lee On Solent,-1,0
8108,50.807313,-1.198352,Lee On Solent,-1,0
8123,54.523161,-1.220119,Newham,-1,0
8124,54.523163,-1.220163,Coulby Newham,-1,0
8139,51.524217,-3.191847,Llanishen,-1,0
8140,51.524218,-3.191813,Llanishen,-1,0
8146,53.422576,-1.254598,Bramley,-1,0
8147,53.422568,-1.254563,Bramley,-1,0
8150,52.036315,-1.319141,Bodicote,-1,0
8151,52.036303,-1.31908,Bodicote,-1,0
8161,53.980594,-1.132091,Nether Poppleton,-1,0
8162,53.980608,-1.132118,Nether Poppleton,-1,0
8171,51.031113,-1.075757,West Meon,-1,0
8175,55.934649,-4.138548,Kirkintilloch,-1,0
8181,51.171804,0.497106,Marden,-1,0
8182,51.171827,0.497176,Marden,-1,0
8195,57.546367,-2.96483,Keith,-1,0
8200,51.720999,0.178273,Bassett,-1,0
8201,51.720987,0.178308,Bassett,-1,0
8214,50.85113,-3.391095,Cullompton,-1,0
8215,50.851121,-3.391125,Cullompton,-1,0
8219,52.69203,-2.750571,Shrewsbury ,-1,0
8220,52.692051,-2.750569,Shrewsbury ,-1,0
8221,52.784214,-1.9747,Colwich,-1,0
8222,52.784229,-1.974736,Colwich,-1,0
8223,55.892742,-4.139612,Stepps,-1,0
8229,52.046765,0.744969,Sudbury,-1,0
8230,51.031117,-1.075792,West Meon,-1,0
8232,55.892733,-4.139646,Stepps,-1,0
8234,55.920229,-4.211653,Bishopbriggs,-1,0
8235,52.793344,-1.668496,Branston,-1,0
8236,55.814153,-4.149966,Cambuslang,-1,0
8237,52.793326,-1.668455,Branston,-1,0
8238,55.78184,-3.878094,Newmains,-1,0
8239,54.892554,-1.576988,Birtley,-1,0
8240,54.892551,-1.577016,Birtley,-1,0
8242,57.440445,-2.766733,Huntly,-1,0
8255,51.166872,-2.188455,Longbridge Deverill,-1,0
8256,51.166862,-2.188437,Longbridge Deverill,-1,0
8259,53.007916,-2.233186,Newcastle,-1,0
8260,53.007914,-2.233204,Newcastle,-1,0
8270,51.37688,-0.856897,Finchampstead,-1,0
8271,51.376898,-0.85691,Finchampstead,-1,0
8278,53.76737,-2.764041,Lea,-1,0
8279,53.767372,-2.764014,Lea,-1,0
8280,51.750041,-2.283386,Stonehouse,-1,0
8281,52.675686,-0.313717,Market Deeping,-1,0
8282,52.675706,-0.313726,Market Deeping,-1,0
8283,53.673539,-2.92351,Banks,-1,0
8284,53.673549,-2.923545,Banks,-1,0
8293,54.779421,-1.556028,Gilesgate,-1,0
8294,54.779424,-1.556002,Gilesgate,-1,0
8299,53.530011,-2.569538,Hindley,-1,0
8300,53.292025,-2.952365,Childer Thornton,-1,0
8301,53.29206,-2.9525,Childer Thornton,-1,0
8302,53.574597,-2.175678,Middleton,-1,0
8303,53.574599,-2.175647,Middleton,-1,0
8314,51.882202,-2.038946,Charlton Kings,-1,0
8338,57.17783,-2.150006,Danestone,-1,0
8339,57.177805,-2.15,Danestone,-1,0
8348,53.479277,-2.140816,Audenshaw,-1,0
8369,53.527015,-0.034443,Humberston,-1,0
8370,53.527011,-0.03449,Humberston,-1,0
8377,53.901899,-2.776757,Garstang,-1,0
8378,53.901903,-2.776716,Garstang,-1,0
8379,51.30409,-0.07702,WHYTELEAFE,-1,0
8387,51.480538,-0.441264,Hounslow ,-1,0
8388,51.480538,-0.441264,Hounslow ,-1,0
8389,51.480538,-0.441264,Houslow ,-1,0
8484,51.941805,-0.886173,Winslow,-1,0
8489,51.593005,0.029116,South Woodford,-1,0
8490,51.590765,0.029171,South Woodford,-1,0
8543,51.542735,-0.204541,Kilburn ,-1,0
8603,51.453772,-0.099088,Herne Hill ,-1,0
8604,51.457137,-0.074379,East Dulwicj ,-1,0
8607,51.453818,-0.098476,Herne Hill,-1,0
8608,51.498366,-0.035437,Surrey Quays,-1,0
8612,51.457553,-0.046483,Honor Oak,-1,0
8613,51.425083,-0.081971,Crystal Palace,-1,0
8618,51.461104,-0.058944,Nunhead ,-1,0
8627,51.498355,-0.035094,Surrey Quays,-1,0
8639,51.445539,-0.066313,Dulwich,-1,0
8758,51.460471,-0.0673,Goose Gre,-1,0
8795,51.59754,-0.13868,Haringey ,-1,0
9023,52.425151,-1.520306,Coventrry,-1,0
9325,51.408405,-0.119532,Norbury & Pollards Hill,-1,0
9343,51.526288,-0.01685,Bromley North,-1,0
9398,51.496368,-0.025549,Canary Wharf,-1,0
9401,51.511383,-0.029155,Limehouse,-1,0
9407,51.524985,-0.073042,Weaver,-1,0
9408,51.528113,-0.074557,Weaver,-1,0
9418,51.513785,-0.055089,Shadwell,-1,0
9422,51.51053,-0.056817,Shadwell,-1,0
9628,51.488175,-0.080201,Faradat,-1,0
10298,51.40748,-0.226631,Dundonald,-1,0
10376,51.457105,-0.05145,04805,-1,0
10449,51.532007,-0.041337,Bow West,-1,0
10703,51.483329,-0.097043,40 John Ruskin Street,-1,0
10718,51.485121,-0.05619,"Gerards Close, adjacent to 88 ",-1,0
10781,54.468602,-0.635182,Ruswarp,-1,0
10782,54.468602,-0.635182,Ruswarp,-1,0
10815,51.419956,-0.219127, Hillside,-1,0
10902,51.415487,-0.156373,Graveney ,-1,0
11220,51.404066,-0.138689,Longthorton,-1,0
11356,51.456793,-0.115033,Brixton Rush Common,-1,0
11362,51.468223,-0.122604,Stockwell East,-1,0
11395,51.503257,-0.108159,Waterloo & Southbank,-1,0
11396,51.427923,-0.090836,Gipsy Hill,-1,0
11397,51.442538,-0.110259,St. Martin's,-1,0
11401,51.441523,-0.104187,St. Martin's,-1,0
11428,51.446958,-0.118797,Brixton Rush Common,-1,0
11433,51.423542,-0.086994,Gipsy Hill,-1,0
11435,51.445372,-0.139815,Streatham Hill & Thornton,-1,0
11437,51.442522,-0.134622,Streatham Hill & Thornton,-1,0
11443,51.476346,-0.114686,Stockwell East,-1,0
11444,51.496999,-0.112876,Waterloo & South Bank,-1,0
11457,51.442614,-0.094033,West Dulwich,-1,0
11458,51.467174,-0.099379,Herne Hill & Loughborough Junc,-1,0
11459,51.470039,-0.098134,Herne Hill & Loughborough Junc,-1,0
11523,50.819539,-1.070596,Portsmouth ,-1,0
11525,50.790076,-1.079947,Portsmouth ,-1,0
11541,53.438372,-3.044238,Wallasey ,-1,0
11584,53.401609,-3.1194,Moreton,-1,0
11630,50.91934,-1.923181,Cranborne,-1,0
11631,50.91934,-1.923181,Cranborne,-1,0
11641,55.899715,-2.84208,East Saltoun,-1,0
11642,55.899805,-2.842161,East Saltoun,-1,0
11645,55.986503,-2.74717,Athelstaneford,-1,0
11646,55.986557,-2.747203,Athelstaneford,-1,0
11696,51.430304,-0.302848,Kingston,-1,0
11700,51.411273,-0.675415,ASCOT,-1,0
11737,52.267707,0.367839,Exning,-1,0
11738,52.268822,0.367162,Exning,-1,0
11742,52.042291,-1.873606,Broadway,-1,0
11751,52.910601,-0.637754,Grantham,-1,0
11752,52.653675,-0.48084,Stamford,-1,0
11765,52.383621,-1.83427,Dickens Heath,-1,0
11768,52.373164,-1.751728,Dorridge,-1,0
11782,51.20704,-3.47424,Minehead,-1,0
11783,51.18158,-3.32877,Watchet,-1,0
11807,53.696052,-2.466251,Darwen,-1,0
11809,53.697001,-2.469351,Darwen,-1,0
11821,53.24976,-3.13494,flint,-1,0
11822,53.16798,-3.07884,Buckley,-1,0
11823,53.16796,-3.07882,Buckley,-1,0
11826,53.20672,-3.02456,Queensferry,-1,0
11827,53.20669,-3.02454,Queensferry,-1,0
11840,53.604913,-0.832933,Crowle,-1,0
11843,53.684312,-0.440087,Barton ,-1,0
11850,53.256964,-3.446137,St Asaph,-1,0
11864,52.981007,-3.371251,Corwen ,-1,0
11868,52.509017,-1.777101,Castle Bromwich,-1,0
11869,52.47786,-1.744177,Chelmsley Wood,-1,0
11880,52.744193,-3.885979,Dolgellau,-1,0
11881,52.744193,-3.885979,Dolgellau,-1,0
11882,52.99544,-3.933069,Ffestiniog,-1,0
11883,52.99544,-3.933069,Ffestiniog,-1,0
11885,52.07566,-4.15975,Llanybydder,-1,0
11887,52.07566,-4.15953,Llanybydder,-1,0
11890,51.858542,-3.135266,Crickhowell,-1,0
11891,52.240431,-3.38103,LLANDRINDOD WELLS,-1,0
11892,52.240385,-3.381061,LLANDRINDOD WELLS,-1,0
11898,51.81702,-0.35418, Harpenden  ,-1,0
11900,51.72919,-0.301768,London Colney,-1,0
11909,52.912241,-3.5946,Bala,-1,0
11910,51.18559,-3.44221,Dunster,-1,0
11919,51.754914,-0.337567,St.Albans,-1,0
11953,55.02572,-1.42863,Tynemouth,-1,0
11954,55.02572,-1.42863,Tynemouth,-1,0
12153,51.81289,-0.3585,Harpenden ,-1,0
12637,53.200681,-6.112916,Wicklow,-1,-1
12638,53.200697,-6.112877,Wicklow,-1,-1
12691,53.872836,-3.010846,Thornton,-1,0
12807,54.621983,1.258313,Stockton-on-Tees,-1,-1
13160,51.773551,-0.221873,Hatfield ,-1,0
13283,53.486306,-2.246155,Leicester,-1,0
13284,53.486329,-2.246187,Leicester,-1,0
13313,50.825575,-0.148422,Brighton ,-1,0
13317,50.828808,-0.145562,Brighton ,-1,0
13509,50.796725,-1.056588,Southsea,-1,0
13828,51.406844,-0.338654,East Molesey,-1,0
13965,51.490166,-0.27908,"Chiswick, London",-1,0
14518,51.50154,-0.164949,"Knightsbridge, London",-1,0
14519,51.500897,-0.164625,"Knightsbridge, London",-1,0
14725,51.493686,-0.186836,Earl's Court,-1,0
14786,51.495827,-0.184556,South Kensington,-1,0
14787,51.4961,-0.179309,South Kensington,-1,0
15491,51.505812,-0.221389,London Borough of Hammersmith ,-1,0
16562,51.462221,-0.210356,SW15 2LW,-1,0
18581,51.533121,-0.327371,Perivale,-1,0
19708,51.43628,-1.07666,Theale,-1,0
19735,51.43272,-0.37394,Hampton Hill,-1,0
19759,51.42057,-0.33026,Hampton Wick,-1,0
21530,52.66932,-0.6332,Oakham,-1,0
21531,52.862079,-0.630011,Great Ponton,-1,0
21533,52.762259,-0.627461,Grantham,-1,0
21534,52.480137,-0.923765,Market Harborough ,-1,0
21542,52.806905,-1.804531,Burton,-1,0
21546,51.59426,-0.380784,Pinner,-1,0
21552,52.673634,-0.517337,Great Casterton,-1,0
21555,53.145066,-0.760139,Collingham,-1,0
21556,52.589279,-0.722626,Oakham,-1,0
21558,51.029032,-2.741646,Knole,-1,0
21564,52.744219,-0.908848, Melton Mowbray,-1,0
21569,53.044471,-1.736943,Fenny Bentley,-1,0
21571,50.821375,-1.164865, Gosport,-1,0
21574,54.518946,-1.922898, Barnard Castle,-1,0
21575,52.647248,-0.618508,Normanton,-1,0
21576,52.373414,-1.896569,Wythall,-1,0
21580,52.734386,1.412798,Hoveton,-1,0
21589,52.602704,-0.871898,Tugby,-1,0
21590,52.602746,-0.871838,Tugby,-1,0
21598,53.791423,-2.653532,Fullwood ,-1,0
21599,53.791394,-2.653549,Fullwood ,-1,0
21626,51.50913,-0.125205,Charing Cross,-1,0
21628,50.111111,-1.111111,Dodworth,-1,-1
21759,53.218357,-1.672093,Bakewell,-1,0
21821,50.964769,-0.975031,Horndean,-1,0
21822,50.818449,-1.308092,Fawley,-1,0
21823,50.785498,-1.354438,Exbury,-1,0
21895,50.798802,-1.360648,Lepe,-1,0
21896,50.798802,-1.360648,Lepe,-1,0
21995,53.408833,-2.226558,Didsbury,-1,0
21996,53.408841,-2.226569,Didsbury,-1,0
22025,51.01254,-1.46516,Ampfield ,-1,0
22028,50.9952,0.00138,Uckfield ,-1,0
22039,51.262932,-1.085832,Basingstoke and Deane,-1,0
22042,51.600598,0.238601,Havering,-1,0
22049,51.262948,-1.083173,Basingstoke and Deane,-1,0
22054,52.514372,-1.485464,Nuneaton and Bedworth,-1,0
22074,50.961217,-0.978393,East Hampshire,-1,0
22075,50.818449,-1.308151,New Forest,-1,0
22076,51.13109,-3.004216,Sedgemoor,-1,0
22077,51.460757,0.231138,West Hill,-1,0
22079,51.415265,-2.596121,"Bristol, City of",-1,0
22080,51.462342,0.231779,West Hill,-1,0
22081,51.981107,-1.330938,Cherwell,-1,0
22089,50.961733,-0.978147,East Hampshire,-1,0
22090,51.512906,-0.076626,City of London,-1,0
22098,52.52158,-1.482042,Nuneaton and Bedworth,-1,0
22100,51.717236,-1.092974,South Oxfordshire,-1,0
22109,56.007526,-3.766943,Brightons ,-1,0
22119,51.22976,-1.340807,Whitchurch,-1,0
22120,51.243764,-1.262408,Overton,-1,0
22121,51.228192,-1.338876,Whitchurch,-1,0
22146,54.04913,-2.88806,Heysham,-1,0
22150,54.25033,-3.26175,Millom,-1,0
22162,53.708846,-1.674816,Heckmondwike,-1,0
22165,53.724306,-1.711452,Kirklees,-1,0
22169,53.702387,-1.783007,"Brighouse, Calderdale",-1,0
22202,56.480372,-2.965669,Haywood Place ,-1,0
22207,52.320985,1.144819,Eye,-1,0
22208,52.036057,0.733384,Sudbury,-1,0
22211,52.63651,1.54653,Acle,-1,0
22212,52.151208,1.363371,Wickham Market,-1,0
22214,52.947027,1.060638,Manningtree,-1,0
22215,52.403894,1.299245,Harleston,-1,0
22216,52.04497,0.953595,Hadleigh,-1,0
22218,52.067698,0.883959,Lindsey,-1,0
22219,51.996058,1.270766,Levington,-1,0
22220,52.10606,0.793948,Lavenham,-1,0
22222,52.004749,0.302473,Lower Stondon,-1,0
22223,52.12484,0.217767,Potton,-1,0
22231,52.164014,1.497282,Saxmundham,-1,0
22234,51.897203,-1.114753,Launton,-1,0
22247,52.288054,-0.865479,Moulton,-1,0
22286,51.595,-3.26841,Abertridwr,-1,0
22287,51.66428,-3.19552,Blackwood,-1,0
22288,51.66428,-3.19552,Blackwood,-1,0
22289,51.72,-3.24059,New Tredegar,-1,0
22290,51.65,-3.2834,"Nelson, Treharris",-1,0
22291,51.65,-3.2834,"Nelson, Treharris",-1,0
22292,51.625277,-3.18574,Ynysddu,-1,0
22293,51.592386,-3.18374,Trethomas,-1,0
22294,51.592386,-3.18374,Trethomas,-1,0
22295,51.641914,-3.2338,Ystrad Mynach,-1,0
22296,51.641914,-3.2338,Ystrad Mynach,-1,0
22299,51.6044,-3.23128,Llanbradach,-1,0
22302,51.664,-3.14614,Newbridge,-1,0
22315,51.589521,-2.75287,Caldicot,-1,0
22316,51.589521,-2.75287,Caldicot,-1,0
22338,51.723544,-3.05911,Abersychan,-1,0
22339,51.723544,-3.05911,Abersychan,-1,0
22340,51.772424,-3.08331,Blaenavon,-1,0
22341,51.772424,-3.08331,Blaenavon,-1,0
22347,51.675153,-4.91626,Pembroke,-1,0
22348,51.675153,-4.91626,Pembroke,-1,0
22353,51.708239,-4.94855,Neyland,-1,0
22354,51.708239,-4.94855,Neyland,-1,0
22356,51.94801,-5.18199,Porthgain,-1,0
22357,51.783968,-5.0992,Broad Haven,-1,0
22365,52.447718,-3.539636,Llanidloes,-1,0
22366,52.447718,-3.539636,Llanidloes,-1,0
22370,52.240932,-3.380842,Llandrindod Wells,-1,0
22371,52.149846,-3.403087,Builth Wells,-1,0
22372,52.149846,-3.403088,Builth Wells,-1,0
22411,51.644695,-4.800603,Manorbier,-1,0
22412,51.644695,-4.800603,Manorbier,-1,0
22428,51.644533,-4.87039,Freshwater East,-1,0
22429,51.644478,-4.870342,Freshwater East,-1,0
22430,51.773077,-5.107657,Little Haven,-1,0
22431,51.773064,-5.107555,Little Haven,-1,0
22432,51.846599,-5.117001,Newgale,-1,0
22433,51.846532,-5.117004,Newgale,-1,0
22436,51.874332,-5.188884,Solva,-1,0
22437,51.874332,-5.188884,Solva,-1,0
22438,51.825332,-5.106822,Nolton Haven,-1,0
22439,51.825345,-5.106735,Nolton Haven,-1,0
22449,52.302121,-3.511046,Rhayader,-1,0
22450,52.30213,-3.510991,Rhayader,-1,0
22451,52.342864,-3.045903,Knighton,-1,0
22452,52.342911,-3.045925,Knighton,-1,0
22453,52.072889,-3.126355,Haye-on-Wye,-1,0
22454,52.072928,-3.12635,Haye-on-Wye,-1,0
22455,51.858411,-3.135404,Crickhowell,-1,0
22456,51.77673,-3.759621,Ystradgynlais,-1,0
22457,51.776702,-3.759692,Ystradgynlais,-1,0
22474,52.041116,-4.307767,Llandysul,-1,0
22475,52.041173,-4.307743,Llandysul,-1,0
22481,52.219556,-3.931219,Tregaron,-1,0
22482,52.219536,-3.931135,Tregaron,-1,0
22498,51.766263,-3.236144,Georgetown,-1,0
22500,51.781543,-3.215279,Cardigan,-1,0
22501,51.781564,-3.215349,Cardigan,-1,0
22502,51.766486,-3.155043,Ystryth,-1,0
22525,51.698246,-4.834028,Carew,-1,0
22526,51.691476,-4.836718,Milton,-1,0
22527,51.691442,-4.836727,Milton,-1,0
22530,51.781543,-3.215279,Willowtown,-1,0
22531,51.781564,-3.215349,Willowtown,-1,0
22532,52.482873,-4.049754,Borth,-1,0
22562,54.658307,-1.677427,Bishop Aukland,-1,0
22571,51.608589,-0.365093,Pinner,-1,0
22609,55.846729,-4.022251,Coatbrdige,-1,0
22619,51.015278,-3.833553,South Molton,-1,0
22622,50.352565,-3.577804,Dartmouth,-1,0
22623,50.580154,-3.471707,Dawlish,-1,0
22624,50.549142,-3.49242,Teignmouth,-1,0
22625,50.88286,-2.79701,Crewkerne,-1,0
22628,50.737858,-3.468654,Pinhoe,-1,0
22629,51.11288,-2.45483,Bruton,-1,0
22631,50.92496,-2.913,Ilminster,-1,0
22634,50.28662,-3.77858,Kingsbridge,-1,0
22635,50.82038,-4.07345,Hatherleigh,-1,0
22636,50.73839,-3.99948,Okehampton,-1,0
22637,50.28193,-3.77611,Kingsbridge,-1,0
22638,50.4294,-3.68464, Totnes,-1,0
22639,50.43511,-3.6849,Totnes  ,-1,0
22640,50.547773,-4.146381,Tavistock ,-1,0
22642,51.05836,-4.08573,Barnstaple  ,-1,0
22651,50.97221,-2.76567,Somerset ,-1,0
22652,50.527844,-3.59499,Newton Abbot ,-1,0
22653,50.528494,-3.612889,Newton Abbot,-1,0
22654,50.93926,-2.63464, Yeovil ,-1,0
22655,50.94935,-2.80764,South Petherton,-1,0
22656,50.24059,-3.76897,Salcombe,-1,0
22657,51.08768,-2.51646,Castle Cary,-1,0
22661,50.95299,-2.74976,Stoke Sub Hamdon ,-1,0
22666,50.67191,-3.8384,Chagford ,-1,0
22667,50.34842,-3.8872,Ivybridge  ,-1,0
22668,50.43511,-3.6849,Totnes  ,-1,0
22669,50.69785,-3.09352,Beer,-1,0
22670,50.67893,-3.23541,Sidmouth,-1,0
22672,50.63128,-3.31263,Budleigh ,-1,0
22674,50.78088,-3.00086,Axminster,-1,0
22677,50.7502,-3.41965,Cranbrook ,-1,0
22679,50.72411,-3.46892,Exeter ,-1,0
22680,50.34694,-3.60241,Dartmouth  ,-1,0
22681,50.725071,-3.471048,Exeter ,-1,0
22682,50.731527,-3.452281,Exeter   ,-1,0
22683,50.731527,-3.452281,Redhayes,-1,0
22684,50.547773,-4.146381,Tavistock ,-1,0
22861,53.739787,-0.19846,Hedon,-1,0
22862,53.782569,-0.414659,Cottingham,-1,0
22867,52.359581,1.02309,Diss,-1,0
22870,51.265778,0.616167,Maidstone ,-1,0
22871,55.008352,-3.08653,Gretna ,-1,0
22872,52.055083,-0.698167,Newport Pagnell,-1,0
22888,51.304406,-0.077176,Whyteleafe,-1,0
22891,51.332354,-0.075478,Sanderstead,-1,0
22906,50.37848,-4.943711,St Columb,-1,0
22907,50.37848,-4.943711,St Columb,-1,0
22923,51.47253,-0.209087,Fulham,-1,0
22939,53.51726,-1.41501,Station Road,-1,0
22940,53.51726,-1.41501,Station Road,-1,0
22941,51.578317,0.600021,Rayleigh,-1,0
23615,52.872231,-1.563912,Burnaston,-1,0
23616,52.872231,-1.563912,Burnaston,-1,0
23648,50.838716,-0.175476,Brighton and Hove,-1,0
23923,51.695878,0.10665,Epping,-1,0
23924,51.695878,0.10665,Epping,-1,0
23938,50.6659,-1.188,Alverstone Garden Village,-1,0
23939,50.7064,1.2966,Newport,-1,0
23943,54.971867,-1.409617,South Shields ,-1,0
23970,50.91978,-1.49082,Totton,-1,0
23974,51.14017,-0.47639,Cranleigh,-1,0
24012,50.985186,-0.610362,Petworth,-1,0
24022,54.753828,-1.616981,Brandon,-1,0
24041,50.899755,-1.188076,Wickham,-1,0
24043,50.90143,-1.184533,Wickham,-1,0
24051,51.038403,-2.278295,Gillingham,-1,0
24086,50.711338,-2.759427,West Bay,-1,0
24087,50.711338,-2.759427,West Bay,-1,0
24101,54.822543,-1.747203,Lanchester,-1,0
24113,54.885269,-1.70288,Tanfield,-1,0
24116,50.317937,-5.202829,St Agnes,-1,0
24117,50.317937,-5.202829,St Agnes,-1,0
24131,54.652639,-1.69733,Sedgefield,-1,0
24136,54.818392,-1.628786,Sacriston,-1,0
24152,54.869265,-1.859282,Shotley,-1,0
24166,54.711788,-1.693677,Willington and Hunwick,-1,0
24169,50.694216,-1.292664, Newport,-1,0
24172,50.628523,-1.180288,Shanklin,-1,0
24173,50.70405,-1.500036,Yarmouth,-1,0
24174,50.70405,-1.500036,Yarmouth,-1,0
24177,52.768569,0.188731,Sutton Bridge,-1,0
24178,52.801442,0.022896,Holbeach,-1,0
24179,52.674483,-0.16521,Crowland,-1,0
24201,50.926971,-2.303425,Sturminster Newton,-1,0
24202,50.926971,-2.303425,Sturminster Newton,-1,0
24207,50.721065,-1.111312,Seaview,-1,0
24209,50.847066,-1.06667,Cosham,-1,0
24244,51.352549,-2.000548,Devizes,-1,0
24251,51.086513,-1.854486,Wilton,-1,0
24252,51.542456,-1.905854,Royal Wootton Bassett,-1,0
24253,51.172337,-1.779208,Amesbury,-1,0
24254,51.261201,-2.184716,Westbury,-1,0
24269,51.344794,-2.254509,Bradford-on-Avon,-1,0
24270,51.344794,-2.254509,Bradford-on-Avon,-1,0
24272,51.340133,-1.773057,Pewsey,-1,0
24285,50.686997,-2.109006,Wareham,-1,0
24292,50.797434,-1.983474,Wimborne Minster,-1,0
24293,50.635955,-2.05984,Corfe Castle,-1,0
24294,50.635955,-2.05984,Corfe Castle,-1,0
24299,50.731366,-2.75654,South Street,-1,0
24300,50.731366,-2.75654,South Street,-1,0
24307,50.809493,-2.73791,Beaminster,-1,0
24377,54.687947,-1.556824,Ferryhill,-1,0
24383,54.66197,-1.674301,Bishop Auckland ,-1,0
24387,54.757611,-1.336509,Peterlee,-1,0
24392,54.652639,-1.467077,Sedgefield,-1,0
24400,54.854085,-1.833177,Peterlee,-1,0
24401,54.551281,-1.913551,Consett ,-1,0
24403,54.854647,-1.575198,Bishop Auckland Town,-1,0
24408,54.76103,-1.3876,Shotton Colliery,-1,0
24409,54.85692,-1.67902,Craghead,-1,0
24410,54.77569,-1.50987,Sherburn Village,-1,0
24411,54.77569,-1.50987,Sherburn Village,-1,0
24414,54.67994,-1.52111,Ferryhill,-1,0
24419,54.88124,-1.65791,Beamish,-1,0
24429,51.658389,-3.345503,Abercynon,-1,0
24435,51.091466,0.945524,Aldington,-1,0
24436,55.41193,-1.710225,Alnwich,-1,0
24437,55.41193,-1.710225,Alnwich,-1,0
24482,52.492732,-2.999169,Bishop's Castle,-1,0
24483,52.492732,-2.999169,Bishop's Castle,-1,0
24484,53.297969,-2.097004,Bollington,-1,0
24485,53.297969,-2.097004,Bollington,-1,0
24511,51.33922,-0.474253,Byfleet,-1,0
24512,51.33922,-0.474253,Byfleet,-1,0
24513,51.611368,-2.956876,Caerleon,-1,0
24553,51.25575,1.019103,Canterbury ,-1,0
24631,51.576004,-3.23067,Carephilly,-1,0
24632,51.576004,-3.23067,Carephilly,-1,0
24635,51.392089,-0.503329,Chertsey,-1,0
24636,51.392089,-0.503329,Chertsey,-1,0
24640,54.973398,-2.015618,Corbridge,-1,0
24641,54.973398,-2.015618,Corbridge,-1,0
24642,51.415938,-3.182292,Cosmeston,-1,0
25076,51.462462,-3.446439,Cowbridge,-1,0
25077,51.462462,-3.446439,Cowbridge,-1,0
25106,51.741597,-3.182905,Cwm,-1,0
25110,51.739034,-3.181596,Cwmfelinfach,-1,0
25111,51.618888,-3.178465,Cwmfelinfach,-1,0
25112,51.742769,-3.132384,Cwmtillery,-1,0
25129,51.294185,0.455317,Ditton,-1,0
25130,51.281486,0.771261,Doddington,-1,0
25206,51.716784,-3.235584,Elliots Town,-1,0
25209,55.298676,-1.71124,Felton,-1,0
25256,51.443052,0.260618,Greenhithe,-1,0
25265,56.035299,-2.829033,Gullane,-1,0
25266,56.035299,-2.829033,Gullane,-1,0
25267,51.730225,-3.133435,Gwent,-1,0
25268,51.770738,-3.24539,Gwent,-1,0
25325,50.969791,0.246453,Heathfield,-1,0
25326,50.969791,0.246453,Heathfield,-1,0
25331,51.739128,-3.510299,Hirwaun,-1,0
25338,51.399657,0.246179,Horton,-1,0
25339,55.854753,-2.86928,Humbie,-1,0
25340,55.854753,-2.86928,Humbie,-1,0
25354,55.931413,-3.044382,Inveresk,-1,0
25355,55.931413,-3.044382,Inveresk,-1,0
25363,54.270286,-0.933622,"Kirkbymoorside, York",-1,0
25364,54.270286,-0.933622,"Kirkbymoorside, York",-1,0
25388,51.273813,1.164687,"Littlebourne, Canterbury",-1,0
25392,51.700317,-3.13647,Llanhilleth,-1,0
25393,51.700317,-3.13647,Llanhilleth,-1,0
25440,51.127655,1.092174,Lyminge,-1,0
25441,51.127655,1.092174,Lyminge,-1,0
25442,55.940282,-2.907533,Macmerry,-1,0
25443,55.940282,-2.907533,Macmerry,-1,0
25452,51.274324,0.392309,Malling,-1,0
25453,51.610603,-3.004657,Malpas,-1,0
25454,51.616458,-3.013891,Malpas,-1,0
25457,54.139278,-0.789565,Malton ,-1,0
25458,51.391914,1.383237,Margate,-1,0
25462,51.531593,-3.068263,Marshfield,-1,0
25463,54.221464,-1.656381,Masham,-1,0
25464,54.221464,-1.656381,Masham,-1,0
25465,51.7435,-3.376936,Merthyr,-1,0
25525,57.522157,-4.474049,Muir of Ord,-1,-1
25573,51.157001,1.112518,North Elham,-1,0
25586,51.678145,-3.17773,Oakdale,-1,0
25638,51.583773,-3.433267,Porth,-1,0
25639,51.475963,-3.700516,Porthcawl,-1,0
25640,51.475963,-3.700516,Porthcawl,-1,0
25657,51.645058,-3.327779,Rhondda Cynon Ta,-1,0
25662,51.586994,-3.312935,Rhydyfelin,-1,0
25695,51.278278,1.338385,Sandwich ,-1,0
25696,51.278278,1.338385,Sandwich ,-1,0
25719,51.40165,-3.41922,St. Athan,-1,0
25817,51.534238,-3.389699,Talbot Green,-1,0
25818,57.128815,-2.858372,Tarland,-1,0
25819,51.644363,-3.486248,Ton Pentre,-1,0
25837,51.600504,-3.418382,Trebanog,-1,0
25840,51.643092,-3.461099,Tyntyla,-1,0
25841,51.643092,-3.461099,Tyntyla,-1,0
25866,52.417363,-1.059392,Welford,-1,0
25876,56.024711,-2.650387,Whitekirk,-1,0
25877,56.024711,-2.650387,Whitekirk,-1,0
25935,54.08565,-1.760529,Pateley Bridge,-1,0
25936,54.08565,-1.760529,Pateley Bridge,-1,0
25941,51.603702,-3.542045,Ogmore Vale,-1,0
25942,51.514786,-3.430879,Llanharry,-1,0
25943,51.530409,-3.685289,Kenfig Hill,-1,0
25949,54.433756,-0.534834,Robin Hoods Bay,-1,0
25950,54.555743,-0.793629,Staithes,-1,0
25951,54.555743,-0.793629,Staithes,-1,0
25958,53.230511,-0.533891,Linclon,-1,0
25959,53.230511,-0.533891,Linclon,-1,0
25961,51.416825,-0.12657,Norbury,-1,0
25988,51.930857,-2.403718,Newent,-1,0
25989,51.930857,-2.403718,Newent,-1,0
26003,51.58214,-3.308883,Hawthorn,-1,0
26004,51.58214,-3.308883,Hawthorn,-1,0
26005,51.388512,-3.349484,Rhoose,-1,0
26006,51.675111,-3.537615,Treherbert,-1,0
26027,51.643999,-3.467361,Ystrad,-1,0
26060,51.196964,0.066003,Edenbridge,-1,0
26061,51.196964,0.066003,Edenbridge,-1,0
26064,51.472231,-3.19879,Ninian Park,-1,0
26066,51.607848,-3.030034,Bettws,-1,0
26069,51.910284,-2.050135,Lynworth,-1,0
26070,51.910284,-2.050135,Lynworth,-1,0
26075,50.92424,0.019961,Barcombe,-1,0
26078,54.532698,-0.751489,Runswick Bay,-1,0
26142,51.423208,-3.365363,Llancarfan,-1,0
26143,51.363291,-0.246992,Stoneleigh,-1,0
26144,51.363291,-0.246992,Stoneleigh,-1,0
26145,51.217675,0.957428,Godmersham,-1,0
26184,51.451962,-0.174819,Wandswoth,-1,0
26193,52.069079,-1.49318,Cherwell District,-1,0
26203,51.607359,-3.442466,Wales,-1,0
26209,51.114775,1.164586,Hawkinge,-1,0
26238,52.059186,1.279164,Martlesham,-1,0
26257,51.279423,1.279734,Ash,-1,0
26262,54.532698,-0.751489,Runswick Bay,-1,0
26263,54.433756,-0.534834,Robin Hoods Bay,-1,0
26264,50.92424,0.019961,Barcombe,-1,0
26270,51.557713,-3.354401,Beddau,-1,0
26295,51.539034,-3.466001,Brynna,-1,0
26307,51.522635,0.294588,Ockenden,-1,0
26308,51.182871,0.36134,Five Oak Green,-1,0
26338,55.854284,-6.109226,Port Askaig,-1,-1
26342,56.237664,-4.19999,Callander,-1,0
26343,57.683007,-2.691588,Portsoy,-1,0
26348,51.620976,-3.539323,Nant-y-moel,-1,0
26351,52.537921,-2.807488,Church Stretton,-1,0
26352,52.537921,-2.807488,Church Stretton,-1,0
26363,51.797515,-3.205786,Beaufort,-1,0
26364,51.582794,-3.467605,Hendreforgan,-1,0
26379,51.646681,-3.226546,Hengoed,-1,0
26405,50.948726,0.966397,Greatstone-on-Sea,-1,0
26406,50.948726,0.966397,Greatstone-on-Sea,-1,0
26407,51.135084,0.205045,Royal Tunbridge Wells,-1,0
26420,51.523236,-3.390304,Pontyclun,-1,0
26421,51.567694,-3.3184,Llantwit Fardre,-1,0
26431,55.298677,-1.71124,Felton,-1,0
26464,51.431846,-3.212012,Dinas Powys,-1,0
26481,54.885281,-1.366285,Wearside,-1,0
26504,51.526576,-3.498381,Pencoed,-1,0
26509,51.61451,-3.409807,Porth,-1,0
26510,51.448761,-0.139349,Clapham,-1,0
26587,51.74277,-3.132384,Cwmtillery,-1,0
26592,51.449399,-0.113733,Brockwell Park,-1,0
26593,51.556298,-3.353812,Beddau,-1,0
26631,51.446912,-0.140548,Clapham,-1,0
26658,51.580663,-2.83217,Magor,-1,0
26695,51.824351,-2.503387,Cinderford,-1,0
26696,51.824351,-2.503387,Cinderford,-1,0
26797,50.930641,-0.271802,Henfield,-1,0
26798,50.930641,-0.271802,Henfield,-1,0
27078,51.489151,0.120366,Wichelstowe,-1,0
27079,51.489151,0.120366,Wichelstowe,-1,0
27165,51.012179,0.983517,St Mary's Bay,-1,0
27202,51.421076,-0.175194,Merton,-1,0
27245,51.602208,0.243518,Havering,-1,0
27263,51.41137,-0.191949,Merton,-1,0
27267,51.567892,0.007567,Waltham Forest,-1,0
27277,51.51627,-0.095994,City of London,-1,0
27285,51.56055,-0.41098,Hillingdon,-1,0
27293,51.556517,-0.39904,Hillingdon,-1,0
27304,52.430436,-1.517957,Radford,-1,0
27339,54.465055,-6.083718,Co Down,-1,2
27350,51.809571,-3.870378,Upper Brynamman,-1,0
27351,51.81852,-4.006362,Llandybie,-1,0
27352,51.883294,-3.991651,Llandeilo,-1,0
27353,52.075911,-4.158837,Llandybber,-1,0
27354,51.795805,-3.813568,Ystradowen,-1,0
27355,51.769048,-4.387812,Llanstefan,-1,0
27356,51.81939,-4.497226,St Clears,-1,0
27357,51.818471,-4.616009,Whitland,-1,0
27358,51.743639,-4.557484,Pendine,-1,0
27359,51.743639,-4.557484,Pendine,-1,0
27360,51.770338,-4.365864,Ferryside,-1,0
27362,51.788625,-4.118818,Tumble,-1,0
27363,51.778861,-4.173797,Pontyberem,-1,0
27364,51.804415,-3.906,Garnant,-1,0
27365,51.736379,-4.313146,Kidwelly,-1,0
27382,51.544493,-4.211419,Port Eynon,-1,0
27387,51.805162,-3.922237,Glanamman,-1,0
27388,51.752544,-4.217927,Pontyates,-1,0
27399,51.568373,-4.01987,Newton ,-1,0
27400,51.570958,-4.030182,Bishopston,-1,0
27406,51.840277,-4.319445,Johnstown,-1,0
27407,51.822059,-4.491788,St.Clears,-1,0
27410,51.736188,-4.3131,Kidwelly,-1,0
27585,52.037277,-0.766195,MIlton Keynes,-1,0
27586,52.037277,-0.766195,MIlton Keynes,-1,0
27609,52.588661,-0.722335,Uppingham,-1,0
27610,52.588661,-0.722335,Uppingham,-1,0
27626,52.190292,-2.509079,Bromyard,-1,0
27627,52.190292,-2.509079,Bromyard,-1,0
27644,51.989147,-0.769283,Bletchley,-1,0
27645,51.989147,-0.769283,Bletchley,-1,0
27796,51.763199,-0.567523,Berkhamsted,-1,0
27797,51.763199,-0.567523,Berkhamsted,-1,0
27804,51.829258,-0.213413,Welwyn,-1,0
27805,51.829258,-0.213413,Welwyn,-1,0
27820,53.151089,-1.57489,Darley Dale,-1,0
27821,53.151089,-1.57489,Darley Dale,-1,0
27911,51.875489,-2.26847,Over,-1,0
27916,53.084343,-1.573374,Pikehall,-1,0
27917,53.084343,-1.573374,Pikehall,-1,0
27969,54.072342,-2.869134,Morcambe,-1,0
27970,54.072342,-2.869134,Morcambe,-1,0
28126,52.978928,-2.224626,Newcastle Under Lyme,-1,0
28168,52.344318,-1.58079,Kenilworth,-1,0
28171,52.066338,-0.700763,Pagnell,-1,0
28173,51.246212,-0.065726,Godstone,-1,0
28254,51.42754,-0.897744,Earley,-1,0
28267,51.962484,-0.229242,Letchworth,-1,0
28270,51.400654,-0.195962,Morden,-1,0
28298,55.7719,-2.7848,Carfraemill,-1,0
28299,55.498299,-4.5649,Ayrshire,-1,0
28319,53.028984,0.100265,Old Leake,-1,0
28320,53.152103,-2.348177,Sandbach,-1,0
28321,53.152103,-2.348177,Sandbach,-1,0
28332,52.993801,-0.7589,Long Bennington,-1,0
28333,53.41433,-0.784768,Morton,-1,0
28334,52.975026,-1.406663,Morley,-1,0
28339,52.79121,-1.669265,Burton on Trent,-1,0
28347,50.1483,-5.0741,Falmouth,-1,0
28389,51.324013,-1.226203,Kingsclere,-1,0
28404,51.604477,-1.110225,Crowmarsh Gifford,-1,0
28405,51.604477,-1.110225,Crowmarsh Gifford,-1,0
28414,51.585391,-0.017351,Walthamstow,-1,0
28415,51.585391,-0.017351,Walthamstow,-1,0
28439,53.786377,-2.673405,Fulwood,-1,0
28447,51.17712,-1.757323,Amesbury,-1,0
28459,56.134738,-3.132164,Kircklady,-1,0
28462,51.487499,-0.26371,Chiswick,-1,0
28466,51.049011,0.423562,Wadhurst,-1,0
28467,51.360764,0.27113,Longfield,-1,0
28474,53.497902,-0.315488,Caistor,-1,0
28475,53.3009,-0.465,Dunholme,-1,0
28476,53.793201,-2.697,Fulwood,-1,0
28508,51.36085,-0.694745,Bagshot,-1,0
28582,52.329487,-2.266195,Stourport-on-Severn Worcs,-1,0
28583,52.329487,-2.266195,Stourport-on-Severn Worcs,-1,0
28603,53.152142,-0.215545,Woodhall Spa,-1,0
28604,53.152142,-0.215545,Woodhall Spa,-1,0
28607,53.338009,0.266292,Mablethorpe,-1,0
28608,53.338009,0.266292,Mablethorpe,-1,0
28609,53.173622,0.099845,Spilsby,-1,0
28610,53.173622,0.099845,Spilsby,-1,0
28637,53.36076,-4.275374,Anglesey,-1,0
28638,53.36076,-4.275374,Anglesey,-1,0
28709,53.877655,-3.044817,Cleveleys,-1,0
28710,53.877655,-3.044817,Cleveleys,-1,0
28737,52.595333,-2.561212,Much Wenlock,-1,0
28738,52.595333,-2.561212,Much Wenlock,-1,0
28770,52.694014,1.33749,Crostwick,-1,0
28775,51.579105,-0.710682,Bourne End,-1,0
28776,51.579105,-0.710682,Bourne End,-1,0
28777,51.476345,-0.395964,Cranford,-1,0
28778,51.476345,-0.395964,Cranford,-1,0
28783,51.799107,-1.328975,Cassington,-1,0
28784,51.799107,-1.328975,Cassington,-1,0
28787,50.896003,0.067064,"Ringmer, Lewes",-1,0
28799,53.037668,-1.205737,Hucknall,-1,0
28804,51.167999,-0.1809,Gatwick,-1,0
28915,53.301449,-1.47609,Dronfield,-1,0
28918,52.8853,-1.2865,Long Eaton,-1,0
28926,53.005845,-1.128548,Arnold,-1,0
29025,51.723202,-0.8288,Bucks,-1,0
29026,51.723202,-0.8288,Bucks,-1,0
29031,50.742744,-2.912853,Charmouth,-1,0
29032,50.742744,-2.912853,Charmouth,-1,0
29036,51.459599,-0.243064,Putney,-1,0
